{"1.9600000000000002,0.5,0.05,0.25": {"mean": 119.35, "std": 179.5755760118842}, "1.9600000000000002,0.5,0.05,0.5": {"mean": 421.27, "std": 174.8092019889113}, "1.9600000000000002,0.5,0.05,1.0": {"mean": 462.16, "std": 128.3470077563166}, "1.9600000000000002,0.5,0.1,0.25": {"mean": 120.86, "std": 174.86732227606163}, "1.9600000000000002,0.5,0.1,0.5": {"mean": 411.07, "std": 179.70727614651554}, "1.9600000000000002,0.5,0.1,1.0": {"mean": 423.71, "std": 174.83004861865135}, "1.9600000000000002,0.5,0.2,0.25": {"mean": 140.05, "std": 155.36861813120436}, "1.9600000000000002,0.5,0.2,0.5": {"mean": 428.35, "std": 170.67345282732168}, "1.9600000000000002,0.5,0.2,1.0": {"mean": 437.76, "std": 161.0521729130036}, "1.9600000000000002,1.0,0.05,0.25": {"mean": 391.19, "std": 199.5309848118833}, "1.9600000000000002,1.0,0.05,0.5": {"mean": 432.38, "std": 167.6138884460354}, "1.9600000000000002,1.0,0.05,1.0": {"mean": 435.82, "std": 159.30809019004653}, "1.9600000000000002,1.0,0.1,0.25": {"mean": 418.16, "std": 180.96942946254765}, "1.9600000000000002,1.0,0.1,0.5": {"mean": 457.01, "std": 136.71982263007803}, "1.9600000000000002,1.0,0.1,1.0": {"mean": 410.55, "std": 184.75104194564102}, "1.9600000000000002,1.0,0.2,0.25": {"mean": 414.5, "std": 182.70268197265193}, "1.9600000000000002,1.0,0.2,0.5": {"mean": 428.62, "std": 169.9698667411374}, "1.9600000000000002,1.0,0.2,1.0": {"mean": 448.6, "std": 146.32258882346224}, "1.9600000000000002,2.0,0.05,0.25": {"mean": 461.96, "std": 129.04393980346387}, "1.9600000000000002,2.0,0.05,0.5": {"mean": 435.28, "std": 160.49910155511776}, "1.9600000000000002,2.0,0.05,1.0": {"mean": 438.17, "std": 140.78991831803864}, "1.9600000000000002,2.0,0.1,0.25": {"mean": 452.17, "std": 143.52791052614123}, "1.9600000000000002,2.0,0.1,0.5": {"mean": 430.73, "std": 165.0302308669536}, "1.9600000000000002,2.0,0.1,1.0": {"mean": 436.92, "std": 140.7219726979408}, "1.9600000000000002,2.0,0.2,0.25": {"mean": 451.77, "std": 144.7173697245773}, "1.9600000000000002,2.0,0.2,0.5": {"mean": 439.4, "std": 156.81396621474758}, "1.9600000000000002,2.0,0.2,1.0": {"mean": 454.16, "std": 132.52748545113198}, "9.8,0.5,0.05,0.25": {"mean": 37.83, "std": 33.848206747182346}, "9.8,0.5,0.05,0.5": {"mean": 426.92, "std": 173.97929072162586}, "9.8,0.5,0.05,1.0": {"mean": 452.45, "std": 141.87158806470026}, "9.8,0.5,0.1,0.25": {"mean": 41.77, "std": 34.42465831348221}, "9.8,0.5,0.1,0.5": {"mean": 436.01, "std": 157.3870067699364}, "9.8,0.5,0.1,1.0": {"mean": 480.89, "std": 93.64741267114645}, "9.8,0.5,0.2,0.25": {"mean": 45.25, "std": 36.75795832197431}, "9.8,0.5,0.2,0.5": {"mean": 423.51, "std": 175.77334809350364}, "9.8,0.5,0.2,1.0": {"mean": 466.17, "std": 122.52592011488835}, "9.8,1.0,0.05,0.25": {"mean": 375.68, "std": 201.29798210613043}, "9.8,1.0,0.05,0.5": {"mean": 475.76, "std": 105.66977997516602}, "9.8,1.0,0.05,1.0": {"mean": 418.69, "std": 174.06399369197524}, "9.8,1.0,0.1,0.25": {"mean": 411.94, "std": 177.99032670344755}, "9.8,1.0,0.1,0.5": {"mean": 432.07, "std": 168.40078711217475}, "9.8,1.0,0.1,1.0": {"mean": 374.97, "std": 206.05913981185114}, "9.8,1.0,0.2,0.25": {"mean": 409.01, "std": 188.1755826349423}, "9.8,1.0,0.2,0.5": {"mean": 422.1, "std": 178.54167580707875}, "9.8,1.0,0.2,1.0": {"mean": 405.43, "std": 184.1933361986801}, "9.8,2.0,0.05,0.25": {"mean": 420.58, "std": 172.32273094400517}, "9.8,2.0,0.05,0.5": {"mean": 371.18, "std": 206.9720937711169}, "9.8,2.0,0.05,1.0": {"mean": 422.82, "std": 156.62288338553853}, "9.8,2.0,0.1,0.25": {"mean": 469.14, "std": 115.48723046293907}, "9.8,2.0,0.1,0.5": {"mean": 393.96, "std": 194.25096756515785}, "9.8,2.0,0.1,1.0": {"mean": 441.27, "std": 141.68647465442845}, "9.8,2.0,0.2,0.25": {"mean": 432.6, "std": 161.35271922096632}, "9.8,2.0,0.2,0.5": {"mean": 402.25, "std": 189.80233797295543}, "9.8,2.0,0.2,1.0": {"mean": 421.43, "std": 164.4092609921959}, "49.0,0.5,0.05,0.25": {"mean": 20.88, "std": 12.458956617630546}, "49.0,0.5,0.05,0.5": {"mean": 376.18, "std": 178.80583771230735}, "49.0,0.5,0.05,1.0": {"mean": 401.52, "std": 141.64275343271186}, "49.0,0.5,0.1,0.25": {"mean": 21.99, "std": 12.914716411907774}, "49.0,0.5,0.1,0.5": {"mean": 394.72, "std": 180.21138032876834}, "49.0,0.5,0.1,1.0": {"mean": 397.69, "std": 165.71817613044144}, "49.0,0.5,0.2,0.25": {"mean": 18.92, "std": 10.967843908444356}, "49.0,0.5,0.2,0.5": {"mean": 377.97, "std": 197.50106100980824}, "49.0,0.5,0.2,1.0": {"mean": 413.29, "std": 147.22209718652968}, "49.0,1.0,0.05,0.25": {"mean": 428.06, "std": 165.1795277871928}, "49.0,1.0,0.05,0.5": {"mean": 430.24, "std": 165.77853419547415}, "49.0,1.0,0.05,1.0": {"mean": 344.66, "std": 215.20354179241565}, "49.0,1.0,0.1,0.25": {"mean": 381.63, "std": 197.0958982323072}, "49.0,1.0,0.1,0.5": {"mean": 414.52, "std": 171.33525498273843}, "49.0,1.0,0.1,1.0": {"mean": 354.51, "std": 213.62080867743197}, "49.0,1.0,0.2,0.25": {"mean": 371.32, "std": 205.2419976515528}, "49.0,1.0,0.2,0.5": {"mean": 377.85, "std": 200.98549076985634}, "49.0,1.0,0.2,1.0": {"mean": 388.24, "std": 189.4730651042517}, "49.0,2.0,0.05,0.25": {"mean": 362.41, "std": 199.66171866434485}, "49.0,2.0,0.05,0.5": {"mean": 384.74, "std": 197.92299613738672}, "49.0,2.0,0.05,1.0": {"mean": 347.23, "std": 173.06044348723947}, "49.0,2.0,0.1,0.25": {"mean": 353.93, "std": 193.44788729784565}, "49.0,2.0,0.1,0.5": {"mean": 374.02, "std": 202.60256563034932}, "49.0,2.0,0.1,1.0": {"mean": 302.37, "std": 193.0676386658313}, "49.0,2.0,0.2,0.25": {"mean": 352.77, "std": 191.32625826059527}, "49.0,2.0,0.2,0.5": {"mean": 367.78, "std": 209.26564839934906}, "49.0,2.0,0.2,1.0": {"mean": 329.76, "std": 154.09471892313508}}