{"1.9600000000000002,0.5,0.05,0.25": {"mean": 175.04, "std": 204.2124344891858}, "1.9600000000000002,0.5,0.05,0.5": {"mean": 475.98, "std": 104.71351202208815}, "1.9600000000000002,0.5,0.05,1.0": {"mean": 500.0, "std": 0.0}, "1.9600000000000002,0.5,0.1,0.25": {"mean": 165.21, "std": 185.88304360538106}, "1.9600000000000002,0.5,0.1,0.5": {"mean": 490.23, "std": 68.39032899467584}, "1.9600000000000002,0.5,0.1,1.0": {"mean": 500.0, "std": 0.0}, "1.9600000000000002,0.5,0.2,0.25": {"mean": 171.71, "std": 159.10231267960876}, "1.9600000000000002,0.5,0.2,0.5": {"mean": 495.12, "std": 48.55538693080306}, "1.9600000000000002,0.5,0.2,1.0": {"mean": 500.0, "std": 0.0}, "1.9600000000000002,1.0,0.05,0.25": {"mean": 495.12, "std": 48.55538693080306}, "1.9600000000000002,1.0,0.05,0.5": {"mean": 500.0, "std": 0.0}, "1.9600000000000002,1.0,0.05,1.0": {"mean": 500.0, "std": 0.0}, "1.9600000000000002,1.0,0.1,0.25": {"mean": 495.12, "std": 48.55538693080306}, "1.9600000000000002,1.0,0.1,0.5": {"mean": 500.0, "std": 0.0}, "1.9600000000000002,1.0,0.1,1.0": {"mean": 500.0, "std": 0.0}, "1.9600000000000002,1.0,0.2,0.25": {"mean": 490.22, "std": 68.4601460705424}, "1.9600000000000002,1.0,0.2,0.5": {"mean": 500.0, "std": 0.0}, "1.9600000000000002,1.0,0.2,1.0": {"mean": 500.0, "std": 0.0}, "1.9600000000000002,2.0,0.05,0.25": {"mean": 500.0, "std": 0.0}, "1.9600000000000002,2.0,0.05,0.5": {"mean": 500.0, "std": 0.0}, "1.9600000000000002,2.0,0.05,1.0": {"mean": 500.0, "std": 0.0}, "1.9600000000000002,2.0,0.1,0.25": {"mean": 500.0, "std": 0.0}, "1.9600000000000002,2.0,0.1,0.5": {"mean": 500.0, "std": 0.0}, "1.9600000000000002,2.0,0.1,1.0": {"mean": 500.0, "std": 0.0}, "1.9600000000000002,2.0,0.2,0.25": {"mean": 500.0, "std": 0.0}, "1.9600000000000002,2.0,0.2,0.5": {"mean": 500.0, "std": 0.0}, "1.9600000000000002,2.0,0.2,1.0": {"mean": 500.0, "std": 0.0}, "9.8,0.5,0.05,0.25": {"mean": 73.13, "std": 61.08660327764182}, "9.8,0.5,0.05,0.5": {"mean": 495.28, "std": 46.963407031432475}, "9.8,0.5,0.05,1.0": {"mean": 499.34, "std": 6.56691708490369}, "9.8,0.5,0.1,0.25": {"mean": 74.73, "std": 64.21788769494057}, "9.8,0.5,0.1,0.5": {"mean": 490.2, "std": 68.60000000000001}, "9.8,0.5,0.1,1.0": {"mean": 500.0, "std": 0.0}, "9.8,0.5,0.2,0.25": {"mean": 80.46, "std": 65.67334619158675}, "9.8,0.5,0.2,0.5": {"mean": 500.0, "std": 0.0}, "9.8,0.5,0.2,1.0": {"mean": 498.82, "std": 8.602766996728436}, "9.8,1.0,0.05,0.25": {"mean": 490.29, "std": 67.97297919026353}, "9.8,1.0,0.05,0.5": {"mean": 500.0, "std": 0.0}, "9.8,1.0,0.05,1.0": {"mean": 499.97, "std": 0.29849623113198587}, "9.8,1.0,0.1,0.25": {"mean": 490.47, "std": 66.73731415033122}, "9.8,1.0,0.1,0.5": {"mean": 500.0, "std": 0.0}, "9.8,1.0,0.1,1.0": {"mean": 500.0, "std": 0.0}, "9.8,1.0,0.2,0.25": {"mean": 495.1, "std": 48.75438441822438}, "9.8,1.0,0.2,0.5": {"mean": 500.0, "std": 0.0}, "9.8,1.0,0.2,1.0": {"mean": 500.0, "std": 0.0}, "9.8,2.0,0.05,0.25": {"mean": 500.0, "std": 0.0}, "9.8,2.0,0.05,0.5": {"mean": 500.0, "std": 0.0}, "9.8,2.0,0.05,1.0": {"mean": 500.0, "std": 0.0}, "9.8,2.0,0.1,0.25": {"mean": 500.0, "std": 0.0}, "9.8,2.0,0.1,0.5": {"mean": 500.0, "std": 0.0}, "9.8,2.0,0.1,1.0": {"mean": 500.0, "std": 0.0}, "9.8,2.0,0.2,0.25": {"mean": 500.0, "std": 0.0}, "9.8,2.0,0.2,0.5": {"mean": 500.0, "std": 0.0}, "9.8,2.0,0.2,1.0": {"mean": 500.0, "std": 0.0}, "49.0,0.5,0.05,0.25": {"mean": 54.39, "std": 34.843620649984125}, "49.0,0.5,0.05,0.5": {"mean": 452.15, "std": 82.21962965131867}, "49.0,0.5,0.05,1.0": {"mean": 424.59, "std": 88.73253011156619}, "49.0,0.5,0.1,0.25": {"mean": 46.01, "std": 33.018326729257495}, "49.0,0.5,0.1,0.5": {"mean": 450.4, "std": 94.0193597085196}, "49.0,0.5,0.1,1.0": {"mean": 429.99, "std": 81.05387035792923}, "49.0,0.5,0.2,0.25": {"mean": 80.04, "std": 54.28368447332955}, "49.0,0.5,0.2,0.5": {"mean": 456.04, "std": 75.12801341710028}, "49.0,0.5,0.2,1.0": {"mean": 447.86, "std": 81.15245159574664}, "49.0,1.0,0.05,0.25": {"mean": 436.81, "std": 139.36030245374758}, "49.0,1.0,0.05,0.5": {"mean": 460.11, "std": 87.36496952440378}, "49.0,1.0,0.05,1.0": {"mean": 456.99, "std": 77.47935144281992}, "49.0,1.0,0.1,0.25": {"mean": 438.01, "std": 139.1965872426476}, "49.0,1.0,0.1,0.5": {"mean": 446.47, "std": 96.680862118622}, "49.0,1.0,0.1,1.0": {"mean": 455.67, "std": 85.47280912664567}, "49.0,1.0,0.2,0.25": {"mean": 440.94, "std": 124.75342239794468}, "49.0,1.0,0.2,0.5": {"mean": 451.21, "std": 84.05513607150964}, "49.0,1.0,0.2,1.0": {"mean": 440.19, "std": 92.2821429096659}, "49.0,2.0,0.05,0.25": {"mean": 431.64, "std": 103.99293437536996}, "49.0,2.0,0.05,0.5": {"mean": 450.0, "std": 90.58311100862014}, "49.0,2.0,0.05,1.0": {"mean": 395.86, "std": 116.06756825229002}, "49.0,2.0,0.1,0.25": {"mean": 422.77, "std": 129.02006471863203}, "49.0,2.0,0.1,0.5": {"mean": 447.81, "std": 97.16457121811428}, "49.0,2.0,0.1,1.0": {"mean": 392.31, "std": 113.89062252881051}, "49.0,2.0,0.2,0.25": {"mean": 394.84, "std": 150.25230247819832}, "49.0,2.0,0.2,0.5": {"mean": 466.61, "std": 64.10474163429723}, "49.0,2.0,0.2,1.0": {"mean": 390.57, "std": 120.80440844604968}}