{"1.9600000000000002,0.5,0.05,0.25": {"mean": 116.06, "std": 186.8121420036717}, "1.9600000000000002,0.5,0.05,0.5": {"mean": 471.91, "std": 111.19317380127251}, "1.9600000000000002,0.5,0.05,1.0": {"mean": 500.0, "std": 0.0}, "1.9600000000000002,0.5,0.1,0.25": {"mean": 159.18, "std": 202.31151128890318}, "1.9600000000000002,0.5,0.1,0.5": {"mean": 495.22, "std": 47.56039949369643}, "1.9600000000000002,0.5,0.1,1.0": {"mean": 500.0, "std": 0.0}, "1.9600000000000002,0.5,0.2,0.25": {"mean": 117.07, "std": 155.61788168459307}, "1.9600000000000002,0.5,0.2,0.5": {"mean": 500.0, "std": 0.0}, "1.9600000000000002,0.5,0.2,1.0": {"mean": 500.0, "std": 0.0}, "1.9600000000000002,1.0,0.05,0.25": {"mean": 476.22, "std": 103.66432173124944}, "1.9600000000000002,1.0,0.05,0.5": {"mean": 500.0, "std": 0.0}, "1.9600000000000002,1.0,0.05,1.0": {"mean": 500.0, "std": 0.0}, "1.9600000000000002,1.0,0.1,0.25": {"mean": 490.38, "std": 67.34000000000002}, "1.9600000000000002,1.0,0.1,0.5": {"mean": 500.0, "std": 0.0}, "1.9600000000000002,1.0,0.1,1.0": {"mean": 500.0, "std": 0.0}, "1.9600000000000002,1.0,0.2,0.25": {"mean": 490.44, "std": 66.92000000000002}, "1.9600000000000002,1.0,0.2,0.5": {"mean": 500.0, "std": 0.0}, "1.9600000000000002,1.0,0.2,1.0": {"mean": 500.0, "std": 0.0}, "1.9600000000000002,2.0,0.05,0.25": {"mean": 500.0, "std": 0.0}, "1.9600000000000002,2.0,0.05,0.5": {"mean": 500.0, "std": 0.0}, "1.9600000000000002,2.0,0.05,1.0": {"mean": 497.11, "std": 28.755136932381323}, "1.9600000000000002,2.0,0.1,0.25": {"mean": 500.0, "std": 0.0}, "1.9600000000000002,2.0,0.1,0.5": {"mean": 500.0, "std": 0.0}, "1.9600000000000002,2.0,0.1,1.0": {"mean": 500.0, "std": 0.0}, "1.9600000000000002,2.0,0.2,0.25": {"mean": 500.0, "std": 0.0}, "1.9600000000000002,2.0,0.2,0.5": {"mean": 500.0, "std": 0.0}, "1.9600000000000002,2.0,0.2,1.0": {"mean": 500.0, "std": 0.0}, "9.8,0.5,0.05,0.25": {"mean": 41.27, "std": 41.486107313171715}, "9.8,0.5,0.05,0.5": {"mean": 485.63, "std": 81.71286985536612}, "9.8,0.5,0.05,1.0": {"mean": 500.0, "std": 0.0}, "9.8,0.5,0.1,0.25": {"mean": 35.58, "std": 27.283027691222248}, "9.8,0.5,0.1,0.5": {"mean": 499.12, "std": 5.161937620700195}, "9.8,0.5,0.1,1.0": {"mean": 500.0, "std": 0.0}, "9.8,0.5,0.2,0.25": {"mean": 39.76, "std": 41.51725424447046}, "9.8,0.5,0.2,0.5": {"mean": 499.96, "std": 0.39799497484264795}, "9.8,0.5,0.2,1.0": {"mean": 498.99, "std": 10.049373114776861}, "9.8,1.0,0.05,0.25": {"mean": 480.6, "std": 95.04020201998729}, "9.8,1.0,0.05,0.5": {"mean": 500.0, "std": 0.0}, "9.8,1.0,0.05,1.0": {"mean": 500.0, "std": 0.0}, "9.8,1.0,0.1,0.25": {"mean": 480.91, "std": 93.52284159498149}, "9.8,1.0,0.1,0.5": {"mean": 500.0, "std": 0.0}, "9.8,1.0,0.1,1.0": {"mean": 500.0, "std": 0.0}, "9.8,1.0,0.2,0.25": {"mean": 476.22, "std": 103.65650775518147}, "9.8,1.0,0.2,0.5": {"mean": 500.0, "std": 0.0}, "9.8,1.0,0.2,1.0": {"mean": 500.0, "std": 0.0}, "9.8,2.0,0.05,0.25": {"mean": 490.39, "std": 67.27003716365853}, "9.8,2.0,0.05,0.5": {"mean": 500.0, "std": 0.0}, "9.8,2.0,0.05,1.0": {"mean": 500.0, "std": 0.0}, "9.8,2.0,0.1,0.25": {"mean": 490.36, "std": 67.48}, "9.8,2.0,0.1,0.5": {"mean": 500.0, "std": 0.0}, "9.8,2.0,0.1,1.0": {"mean": 500.0, "std": 0.0}, "9.8,2.0,0.2,0.25": {"mean": 495.34, "std": 46.36641456916849}, "9.8,2.0,0.2,0.5": {"mean": 500.0, "std": 0.0}, "9.8,2.0,0.2,1.0": {"mean": 500.0, "std": 0.0}, "49.0,0.5,0.05,0.25": {"mean": 22.57, "std": 14.611129319802767}, "49.0,0.5,0.05,0.5": {"mean": 444.8, "std": 112.94812968792357}, "49.0,0.5,0.05,1.0": {"mean": 393.43, "std": 141.8189165802644}, "49.0,0.5,0.1,0.25": {"mean": 23.41, "std": 15.197430703905184}, "49.0,0.5,0.1,0.5": {"mean": 444.1, "std": 89.09416366968154}, "49.0,0.5,0.1,1.0": {"mean": 435.7, "std": 101.10098911484496}, "49.0,0.5,0.2,0.25": {"mean": 32.59, "std": 21.9157911105212}, "49.0,0.5,0.2,0.5": {"mean": 428.71, "std": 135.86466023215897}, "49.0,0.5,0.2,1.0": {"mean": 441.27, "std": 102.95288776911505}, "49.0,1.0,0.05,0.25": {"mean": 458.59, "std": 113.69741377885427}, "49.0,1.0,0.05,0.5": {"mean": 450.55, "std": 108.31097589810554}, "49.0,1.0,0.05,1.0": {"mean": 466.0, "std": 73.77167478104316}, "49.0,1.0,0.1,0.25": {"mean": 453.63, "std": 115.21984681468727}, "49.0,1.0,0.1,0.5": {"mean": 447.97, "std": 109.4061657311872}, "49.0,1.0,0.1,1.0": {"mean": 472.53, "std": 61.877209859527454}, "49.0,1.0,0.2,0.25": {"mean": 423.2, "std": 151.0503889435575}, "49.0,1.0,0.2,0.5": {"mean": 423.07, "std": 140.6939412341555}, "49.0,1.0,0.2,1.0": {"mean": 451.99, "std": 77.95658984332242}, "49.0,2.0,0.05,0.25": {"mean": 404.04, "std": 161.7817616420343}, "49.0,2.0,0.05,0.5": {"mean": 453.43, "std": 85.01838095376787}, "49.0,2.0,0.05,1.0": {"mean": 393.45, "std": 111.10925929012396}, "49.0,2.0,0.1,0.25": {"mean": 385.03, "std": 162.70657362257987}, "49.0,2.0,0.1,0.5": {"mean": 464.43, "std": 79.48638311056807}, "49.0,2.0,0.1,1.0": {"mean": 378.13, "std": 114.25739844754038}, "49.0,2.0,0.2,0.25": {"mean": 414.43, "std": 136.4190789442591}, "49.0,2.0,0.2,0.5": {"mean": 457.3, "std": 79.30756584336704}, "49.0,2.0,0.2,1.0": {"mean": 364.91, "std": 126.50146995193377}}