{"1.9600000000000002,0.5,0.05,0.25": {"mean": 111.19, "std": 183.45613617429098}, "1.9600000000000002,0.5,0.05,0.5": {"mean": 426.67, "std": 174.56139636242602}, "1.9600000000000002,0.5,0.05,1.0": {"mean": 500.0, "std": 0.0}, "1.9600000000000002,0.5,0.1,0.25": {"mean": 105.52, "std": 168.1444307730708}, "1.9600000000000002,0.5,0.1,0.5": {"mean": 446.32, "std": 152.6959645832201}, "1.9600000000000002,0.5,0.1,1.0": {"mean": 500.0, "std": 0.0}, "1.9600000000000002,0.5,0.2,0.25": {"mean": 89.14, "std": 150.45644020778906}, "1.9600000000000002,0.5,0.2,0.5": {"mean": 431.56, "std": 169.62778781791621}, "1.9600000000000002,0.5,0.2,1.0": {"mean": 500.0, "std": 0.0}, "1.9600000000000002,1.0,0.05,0.25": {"mean": 402.83, "std": 194.3509225601978}, "1.9600000000000002,1.0,0.05,0.5": {"mean": 500.0, "std": 0.0}, "1.9600000000000002,1.0,0.05,1.0": {"mean": 500.0, "std": 0.0}, "1.9600000000000002,1.0,0.1,0.25": {"mean": 441.45, "std": 158.55613359312215}, "1.9600000000000002,1.0,0.1,0.5": {"mean": 500.0, "std": 0.0}, "1.9600000000000002,1.0,0.1,1.0": {"mean": 500.0, "std": 0.0}, "1.9600000000000002,1.0,0.2,0.25": {"mean": 436.51, "std": 164.2525795840053}, "1.9600000000000002,1.0,0.2,0.5": {"mean": 500.0, "std": 0.0}, "1.9600000000000002,1.0,0.2,1.0": {"mean": 500.0, "std": 0.0}, "1.9600000000000002,2.0,0.05,0.25": {"mean": 500.0, "std": 0.0}, "1.9600000000000002,2.0,0.05,0.5": {"mean": 500.0, "std": 0.0}, "1.9600000000000002,2.0,0.05,1.0": {"mean": 500.0, "std": 0.0}, "1.9600000000000002,2.0,0.1,0.25": {"mean": 500.0, "std": 0.0}, "1.9600000000000002,2.0,0.1,0.5": {"mean": 500.0, "std": 0.0}, "1.9600000000000002,2.0,0.1,1.0": {"mean": 500.0, "std": 0.0}, "1.9600000000000002,2.0,0.2,0.25": {"mean": 500.0, "std": 0.0}, "1.9600000000000002,2.0,0.2,0.5": {"mean": 500.0, "std": 0.0}, "1.9600000000000002,2.0,0.2,1.0": {"mean": 500.0, "std": 0.0}, "9.8,0.5,0.05,0.25": {"mean": 23.08, "std": 21.06213664375008}, "9.8,0.5,0.05,0.5": {"mean": 431.69, "std": 169.31152914081187}, "9.8,0.5,0.05,1.0": {"mean": 498.78, "std": 12.138846732700763}, "9.8,0.5,0.1,0.25": {"mean": 30.33, "std": 26.786957647332777}, "9.8,0.5,0.1,0.5": {"mean": 451.35, "std": 145.965227023425}, "9.8,0.5,0.1,1.0": {"mean": 498.31, "std": 16.81528768710188}, "9.8,0.5,0.2,0.25": {"mean": 29.09, "std": 26.8857192576282}, "9.8,0.5,0.2,0.5": {"mean": 471.17, "std": 114.15726477101664}, "9.8,0.5,0.2,1.0": {"mean": 499.14, "std": 8.55689195911693}, "9.8,1.0,0.05,0.25": {"mean": 408.68, "std": 188.60057688140827}, "9.8,1.0,0.05,0.5": {"mean": 500.0, "std": 0.0}, "9.8,1.0,0.05,1.0": {"mean": 487.59, "std": 47.79018623106632}, "9.8,1.0,0.1,0.25": {"mean": 394.01, "std": 199.60353178238105}, "9.8,1.0,0.1,0.5": {"mean": 500.0, "std": 0.0}, "9.8,1.0,0.1,1.0": {"mean": 493.25, "std": 36.08528093281248}, "9.8,1.0,0.2,0.25": {"mean": 429.14, "std": 168.7943731289642}, "9.8,1.0,0.2,0.5": {"mean": 500.0, "std": 0.0}, "9.8,1.0,0.2,1.0": {"mean": 494.15, "std": 26.58246602555903}, "9.8,2.0,0.05,0.25": {"mean": 500.0, "std": 0.0}, "9.8,2.0,0.05,0.5": {"mean": 489.21, "std": 45.59107259102378}, "9.8,2.0,0.05,1.0": {"mean": 422.65, "std": 131.00529569448707}, "9.8,2.0,0.1,0.25": {"mean": 500.0, "std": 0.0}, "9.8,2.0,0.1,0.5": {"mean": 495.03, "std": 44.35029988624654}, "9.8,2.0,0.1,1.0": {"mean": 454.51, "std": 101.48512156961729}, "9.8,2.0,0.2,0.25": {"mean": 497.66, "std": 23.2827060282949}, "9.8,2.0,0.2,0.5": {"mean": 494.72, "std": 25.47550980844152}, "9.8,2.0,0.2,1.0": {"mean": 446.35, "std": 110.3820071388449}, "49.0,0.5,0.05,0.25": {"mean": 25.77, "std": 21.403670246011547}, "49.0,0.5,0.05,0.5": {"mean": 319.68, "std": 210.13357085434967}, "49.0,0.5,0.05,1.0": {"mean": 409.49, "std": 117.56262118547714}, "49.0,0.5,0.1,0.25": {"mean": 22.75, "std": 18.36048746629566}, "49.0,0.5,0.1,0.5": {"mean": 381.39, "std": 166.19337501838032}, "49.0,0.5,0.1,1.0": {"mean": 423.77, "std": 114.38049265499777}, "49.0,0.5,0.2,0.25": {"mean": 30.79, "std": 29.823244290318247}, "49.0,0.5,0.2,0.5": {"mean": 390.89, "std": 166.80640845003526}, "49.0,0.5,0.2,1.0": {"mean": 429.78, "std": 113.78502361910377}, "49.0,1.0,0.05,0.25": {"mean": 126.65, "std": 135.20520515128106}, "49.0,1.0,0.05,0.5": {"mean": 435.31, "std": 116.28918221399614}, "49.0,1.0,0.05,1.0": {"mean": 408.11, "std": 144.38780384783198}, "49.0,1.0,0.1,0.25": {"mean": 183.69, "std": 155.6809362124984}, "49.0,1.0,0.1,0.5": {"mean": 440.81, "std": 106.10680421160559}, "49.0,1.0,0.1,1.0": {"mean": 403.6, "std": 142.63982613562032}, "49.0,1.0,0.2,0.25": {"mean": 186.52, "std": 150.48518066573865}, "49.0,1.0,0.2,0.5": {"mean": 432.67, "std": 112.98602170180169}, "49.0,1.0,0.2,1.0": {"mean": 417.61, "std": 127.64606496089097}, "49.0,2.0,0.05,0.25": {"mean": 311.56, "std": 140.78105838499724}, "49.0,2.0,0.05,0.5": {"mean": 379.15, "std": 156.17255680816655}, "49.0,2.0,0.05,1.0": {"mean": 336.68, "std": 152.72209270436286}, "49.0,2.0,0.1,0.25": {"mean": 310.31, "std": 142.67569484673976}, "49.0,2.0,0.1,0.5": {"mean": 384.1, "std": 154.91568674604906}, "49.0,2.0,0.1,1.0": {"mean": 336.94, "std": 153.5770699030295}, "49.0,2.0,0.2,0.25": {"mean": 289.26, "std": 150.7484407879564}, "49.0,2.0,0.2,0.5": {"mean": 349.44, "std": 167.74875975696511}, "49.0,2.0,0.2,1.0": {"mean": 345.53, "std": 154.57066054073778}}