{"1.9600000000000002,0.5,0.05,0.25": {"mean": 114.55, "std": 193.51322306240468}, "1.9600000000000002,0.5,0.05,0.5": {"mean": 500.0, "std": 0.0}, "1.9600000000000002,0.5,0.05,1.0": {"mean": 500.0, "std": 0.0}, "1.9600000000000002,0.5,0.1,0.25": {"mean": 90.35, "std": 168.78799572244463}, "1.9600000000000002,0.5,0.1,0.5": {"mean": 500.0, "std": 0.0}, "1.9600000000000002,0.5,0.1,1.0": {"mean": 500.0, "std": 0.0}, "1.9600000000000002,0.5,0.2,0.25": {"mean": 78.99, "std": 137.62997456949557}, "1.9600000000000002,0.5,0.2,0.5": {"mean": 500.0, "std": 0.0}, "1.9600000000000002,0.5,0.2,1.0": {"mean": 500.0, "std": 0.0}, "1.9600000000000002,1.0,0.05,0.25": {"mean": 500.0, "std": 0.0}, "1.9600000000000002,1.0,0.05,0.5": {"mean": 500.0, "std": 0.0}, "1.9600000000000002,1.0,0.05,1.0": {"mean": 500.0, "std": 0.0}, "1.9600000000000002,1.0,0.1,0.25": {"mean": 500.0, "std": 0.0}, "1.9600000000000002,1.0,0.1,0.5": {"mean": 500.0, "std": 0.0}, "1.9600000000000002,1.0,0.1,1.0": {"mean": 500.0, "std": 0.0}, "1.9600000000000002,1.0,0.2,0.25": {"mean": 500.0, "std": 0.0}, "1.9600000000000002,1.0,0.2,0.5": {"mean": 500.0, "std": 0.0}, "1.9600000000000002,1.0,0.2,1.0": {"mean": 500.0, "std": 0.0}, "1.9600000000000002,2.0,0.05,0.25": {"mean": 500.0, "std": 0.0}, "1.9600000000000002,2.0,0.05,0.5": {"mean": 500.0, "std": 0.0}, "1.9600000000000002,2.0,0.05,1.0": {"mean": 500.0, "std": 0.0}, "1.9600000000000002,2.0,0.1,0.25": {"mean": 500.0, "std": 0.0}, "1.9600000000000002,2.0,0.1,0.5": {"mean": 500.0, "std": 0.0}, "1.9600000000000002,2.0,0.1,1.0": {"mean": 500.0, "std": 0.0}, "1.9600000000000002,2.0,0.2,0.25": {"mean": 500.0, "std": 0.0}, "1.9600000000000002,2.0,0.2,0.5": {"mean": 500.0, "std": 0.0}, "1.9600000000000002,2.0,0.2,1.0": {"mean": 500.0, "std": 0.0}, "9.8,0.5,0.05,0.25": {"mean": 27.49, "std": 32.164108879308316}, "9.8,0.5,0.05,0.5": {"mean": 500.0, "std": 0.0}, "9.8,0.5,0.05,1.0": {"mean": 500.0, "std": 0.0}, "9.8,0.5,0.1,0.25": {"mean": 27.38, "std": 27.005843812034463}, "9.8,0.5,0.1,0.5": {"mean": 500.0, "std": 0.0}, "9.8,0.5,0.1,1.0": {"mean": 500.0, "std": 0.0}, "9.8,0.5,0.2,0.25": {"mean": 32.13, "std": 37.931426284810335}, "9.8,0.5,0.2,0.5": {"mean": 500.0, "std": 0.0}, "9.8,0.5,0.2,1.0": {"mean": 500.0, "std": 0.0}, "9.8,1.0,0.05,0.25": {"mean": 500.0, "std": 0.0}, "9.8,1.0,0.05,0.5": {"mean": 500.0, "std": 0.0}, "9.8,1.0,0.05,1.0": {"mean": 500.0, "std": 0.0}, "9.8,1.0,0.1,0.25": {"mean": 500.0, "std": 0.0}, "9.8,1.0,0.1,0.5": {"mean": 500.0, "std": 0.0}, "9.8,1.0,0.1,1.0": {"mean": 500.0, "std": 0.0}, "9.8,1.0,0.2,0.25": {"mean": 500.0, "std": 0.0}, "9.8,1.0,0.2,0.5": {"mean": 500.0, "std": 0.0}, "9.8,1.0,0.2,1.0": {"mean": 500.0, "std": 0.0}, "9.8,2.0,0.05,0.25": {"mean": 500.0, "std": 0.0}, "9.8,2.0,0.05,0.5": {"mean": 500.0, "std": 0.0}, "9.8,2.0,0.05,1.0": {"mean": 500.0, "std": 0.0}, "9.8,2.0,0.1,0.25": {"mean": 500.0, "std": 0.0}, "9.8,2.0,0.1,0.5": {"mean": 500.0, "std": 0.0}, "9.8,2.0,0.1,1.0": {"mean": 500.0, "std": 0.0}, "9.8,2.0,0.2,0.25": {"mean": 500.0, "std": 0.0}, "9.8,2.0,0.2,0.5": {"mean": 500.0, "std": 0.0}, "9.8,2.0,0.2,1.0": {"mean": 500.0, "std": 0.0}, "49.0,0.5,0.05,0.25": {"mean": 14.99, "std": 11.935237743756929}, "49.0,0.5,0.05,0.5": {"mean": 436.96, "std": 82.33625204003398}, "49.0,0.5,0.05,1.0": {"mean": 439.97, "std": 80.44208537823967}, "49.0,0.5,0.1,0.25": {"mean": 16.21, "std": 11.897306417840973}, "49.0,0.5,0.1,0.5": {"mean": 446.05, "std": 64.94849882791749}, "49.0,0.5,0.1,1.0": {"mean": 438.92, "std": 69.29006855242676}, "49.0,0.5,0.2,0.25": {"mean": 16.42, "std": 9.543772838872476}, "49.0,0.5,0.2,0.5": {"mean": 463.46, "std": 45.20960517412202}, "49.0,0.5,0.2,1.0": {"mean": 445.88, "std": 66.3589150001716}, "49.0,1.0,0.05,0.25": {"mean": 472.98, "std": 66.58362861845245}, "49.0,1.0,0.05,0.5": {"mean": 482.0, "std": 52.338895670428506}, "49.0,1.0,0.05,1.0": {"mean": 470.18, "std": 69.46544176783156}, "49.0,1.0,0.1,0.25": {"mean": 453.69, "std": 90.7520462579219}, "49.0,1.0,0.1,0.5": {"mean": 482.9, "std": 48.85990176003223}, "49.0,1.0,0.1,1.0": {"mean": 469.78, "std": 67.79846310942453}, "49.0,1.0,0.2,0.25": {"mean": 438.82, "std": 93.41802609775054}, "49.0,1.0,0.2,0.5": {"mean": 468.33, "std": 64.96168947926155}, "49.0,1.0,0.2,1.0": {"mean": 451.51, "std": 77.3015517308676}, "49.0,2.0,0.05,0.25": {"mean": 445.79, "std": 88.67810270861685}, "49.0,2.0,0.05,0.5": {"mean": 458.46, "std": 70.7616308461019}, "49.0,2.0,0.05,1.0": {"mean": 384.92, "std": 116.8435432533608}, "49.0,2.0,0.1,0.25": {"mean": 426.57, "std": 96.70824732151856}, "49.0,2.0,0.1,0.5": {"mean": 459.77, "std": 72.52790566395807}, "49.0,2.0,0.1,1.0": {"mean": 394.65, "std": 107.39090976428126}, "49.0,2.0,0.2,0.25": {"mean": 417.79, "std": 105.5828863973703}, "49.0,2.0,0.2,0.5": {"mean": 469.84, "std": 59.36829456873426}, "49.0,2.0,0.2,1.0": {"mean": 369.49, "std": 116.78377412979937}}