{"1.9600000000000002,0.5,0.05,0.25": {"mean": 10.55, "std": 4.813262926539543}, "1.9600000000000002,0.5,0.05,0.5": {"mean": 413.39, "std": 184.93646990250465}, "1.9600000000000002,0.5,0.05,1.0": {"mean": 466.91, "std": 120.61468360029801}, "1.9600000000000002,0.5,0.1,0.25": {"mean": 10.32, "std": 5.245722066598649}, "1.9600000000000002,0.5,0.1,0.5": {"mean": 456.11, "std": 139.58108002161325}, "1.9600000000000002,0.5,0.1,1.0": {"mean": 472.72, "std": 108.0500883849708}, "1.9600000000000002,0.5,0.2,0.25": {"mean": 10.04, "std": 4.927311640235474}, "1.9600000000000002,0.5,0.2,0.5": {"mean": 450.9, "std": 147.3015614309638}, "1.9600000000000002,0.5,0.2,1.0": {"mean": 469.95, "std": 109.84273986022015}, "1.9600000000000002,1.0,0.05,0.25": {"mean": 436.54, "std": 164.18522588832406}, "1.9600000000000002,1.0,0.05,0.5": {"mean": 485.95, "std": 79.92100787652767}, "1.9600000000000002,1.0,0.05,1.0": {"mean": 462.82, "std": 113.49214774600047}, "1.9600000000000002,1.0,0.1,0.25": {"mean": 436.33, "std": 164.7291750115929}, "1.9600000000000002,1.0,0.1,0.5": {"mean": 472.12, "std": 110.36478423845172}, "1.9600000000000002,1.0,0.1,1.0": {"mean": 465.02, "std": 108.52962544853825}, "1.9600000000000002,1.0,0.2,0.25": {"mean": 446.21, "std": 153.0198219185998}, "1.9600000000000002,1.0,0.2,0.5": {"mean": 486.06, "std": 79.27090512918343}, "1.9600000000000002,1.0,0.2,1.0": {"mean": 491.06, "std": 50.35053525038241}, "1.9600000000000002,2.0,0.05,0.25": {"mean": 500.0, "std": 0.0}, "1.9600000000000002,2.0,0.05,0.5": {"mean": 484.67, "std": 61.606989051567844}, "1.9600000000000002,2.0,0.05,1.0": {"mean": 476.49, "std": 55.50234139205299}, "1.9600000000000002,2.0,0.1,0.25": {"mean": 500.0, "std": 0.0}, "1.9600000000000002,2.0,0.1,0.5": {"mean": 468.05, "std": 92.58124810132989}, "1.9600000000000002,2.0,0.1,1.0": {"mean": 471.88, "std": 59.425462556045794}, "1.9600000000000002,2.0,0.2,0.25": {"mean": 490.54, "std": 66.22377518686172}, "1.9600000000000002,2.0,0.2,0.5": {"mean": 457.63, "std": 95.6329080390218}, "1.9600000000000002,2.0,0.2,1.0": {"mean": 465.73, "std": 64.33970080751077}, "9.8,0.5,0.05,0.25": {"mean": 9.09, "std": 3.385542792522345}, "9.8,0.5,0.05,0.5": {"mean": 461.14, "std": 131.79415920290245}, "9.8,0.5,0.05,1.0": {"mean": 499.53, "std": 4.676440954401112}, "9.8,0.5,0.1,0.25": {"mean": 9.2, "std": 3.152776554086889}, "9.8,0.5,0.1,0.5": {"mean": 441.01, "std": 159.7532156170886}, "9.8,0.5,0.1,1.0": {"mean": 500.0, "std": 0.0}, "9.8,0.5,0.2,0.25": {"mean": 10.45, "std": 4.3849173310337335}, "9.8,0.5,0.2,0.5": {"mean": 460.92, "std": 132.53653684927792}, "9.8,0.5,0.2,1.0": {"mean": 495.81, "std": 33.71014535714731}, "9.8,1.0,0.05,0.25": {"mean": 440.88, "std": 160.0979874951587}, "9.8,1.0,0.05,0.5": {"mean": 496.74, "std": 32.436590449675826}, "9.8,1.0,0.05,1.0": {"mean": 432.83, "std": 138.91040673758033}, "9.8,1.0,0.1,0.25": {"mean": 470.49, "std": 116.80646343417817}, "9.8,1.0,0.1,0.5": {"mean": 496.79, "std": 31.93909673112249}, "9.8,1.0,0.1,1.0": {"mean": 430.3, "std": 139.7138146354898}, "9.8,1.0,0.2,0.25": {"mean": 470.57, "std": 116.4930259715147}, "9.8,1.0,0.2,0.5": {"mean": 495.5, "std": 44.7744346697979}, "9.8,1.0,0.2,1.0": {"mean": 429.55, "std": 141.09928242198822}, "9.8,2.0,0.05,0.25": {"mean": 484.17, "std": 69.77392851201658}, "9.8,2.0,0.05,0.5": {"mean": 399.77, "std": 174.10289227924963}, "9.8,2.0,0.05,1.0": {"mean": 427.68, "std": 140.3294609125254}, "9.8,2.0,0.1,0.25": {"mean": 496.61, "std": 33.73007411791442}, "9.8,2.0,0.1,0.5": {"mean": 386.4, "std": 178.39433847518816}, "9.8,2.0,0.1,1.0": {"mean": 395.81, "std": 159.46728159719785}, "9.8,2.0,0.2,0.25": {"mean": 488.75, "std": 64.2287124267644}, "9.8,2.0,0.2,0.5": {"mean": 394.16, "std": 174.52482459524205}, "9.8,2.0,0.2,1.0": {"mean": 420.42, "std": 145.84554706949402}, "49.0,0.5,0.05,0.25": {"mean": 9.52, "std": 5.0368243963831025}, "49.0,0.5,0.05,0.5": {"mean": 352.9, "std": 190.90476683414693}, "49.0,0.5,0.05,1.0": {"mean": 418.93, "std": 102.8705259051396}, "49.0,0.5,0.1,0.25": {"mean": 10.7, "std": 6.298412498399894}, "49.0,0.5,0.1,0.5": {"mean": 411.6, "std": 148.55059744073736}, "49.0,0.5,0.1,1.0": {"mean": 434.54, "std": 89.65873298234813}, "49.0,0.5,0.2,0.25": {"mean": 11.44, "std": 6.1421820227017045}, "49.0,0.5,0.2,0.5": {"mean": 386.51, "std": 179.60631920954228}, "49.0,0.5,0.2,1.0": {"mean": 453.07, "std": 91.79327371872081}, "49.0,1.0,0.05,0.25": {"mean": 407.44, "std": 180.90474399528608}, "49.0,1.0,0.05,0.5": {"mean": 438.7, "std": 131.97753596730013}, "49.0,1.0,0.05,1.0": {"mean": 380.57, "std": 195.9021824789096}, "49.0,1.0,0.1,0.25": {"mean": 407.34, "std": 184.47477984808657}, "49.0,1.0,0.1,0.5": {"mean": 417.84, "std": 155.99043047571863}, "49.0,1.0,0.1,1.0": {"mean": 385.52, "std": 193.46588743238433}, "49.0,1.0,0.2,0.25": {"mean": 389.97, "std": 192.01585637649825}, "49.0,1.0,0.2,0.5": {"mean": 436.66, "std": 126.22148945405452}, "49.0,1.0,0.2,1.0": {"mean": 351.9, "std": 212.65293320337722}, "49.0,2.0,0.05,0.25": {"mean": 359.28, "std": 182.27924072696814}, "49.0,2.0,0.05,0.5": {"mean": 359.12, "std": 210.85522426537122}, "49.0,2.0,0.05,1.0": {"mean": 324.45, "std": 181.38756159119623}, "49.0,2.0,0.1,0.25": {"mean": 367.16, "std": 186.37643198645046}, "49.0,2.0,0.1,0.5": {"mean": 388.21, "std": 196.93711153563717}, "49.0,2.0,0.1,1.0": {"mean": 296.47, "std": 185.56521522095676}, "49.0,2.0,0.2,0.25": {"mean": 403.61, "std": 172.79281784842794}, "49.0,2.0,0.2,0.5": {"mean": 306.25, "std": 227.63301056744822}, "49.0,2.0,0.2,1.0": {"mean": 291.97, "std": 173.57248946765728}}