{"1.9600000000000002,0.5,0.05,0.25": {"mean": 12.31, "std": 6.396397423550229}, "1.9600000000000002,0.5,0.05,0.5": {"mean": 270.92, "std": 243.2898962143722}, "1.9600000000000002,0.5,0.05,1.0": {"mean": 344.01, "std": 227.39953803822908}, "1.9600000000000002,0.5,0.1,0.25": {"mean": 11.44, "std": 6.840058479282177}, "1.9600000000000002,0.5,0.1,0.5": {"mean": 33.91, "std": 34.67047591251092}, "1.9600000000000002,0.5,0.1,1.0": {"mean": 252.07, "std": 243.0586865347544}, "1.9600000000000002,0.5,0.2,0.25": {"mean": 10.06, "std": 3.9870289690444944}, "1.9600000000000002,0.5,0.2,0.5": {"mean": 31.86, "std": 29.650976375154997}, "1.9600000000000002,0.5,0.2,1.0": {"mean": 354.23, "std": 222.68367048349103}, "1.9600000000000002,1.0,0.05,0.25": {"mean": 274.74, "std": 244.07362086059197}, "1.9600000000000002,1.0,0.05,0.5": {"mean": 329.41, "std": 232.4841110699826}, "1.9600000000000002,1.0,0.05,1.0": {"mean": 379.31, "std": 209.05040994937085}, "1.9600000000000002,1.0,0.1,0.25": {"mean": 231.46, "std": 242.9218565712027}, "1.9600000000000002,1.0,0.1,0.5": {"mean": 314.37, "std": 237.11421952299696}, "1.9600000000000002,1.0,0.1,1.0": {"mean": 311.28, "std": 236.0286033513735}, "1.9600000000000002,1.0,0.2,0.25": {"mean": 31.63, "std": 28.221855006359874}, "1.9600000000000002,1.0,0.2,0.5": {"mean": 368.37, "std": 216.44309436893565}, "1.9600000000000002,1.0,0.2,1.0": {"mean": 340.43, "std": 227.374987850467}, "1.9600000000000002,2.0,0.05,0.25": {"mean": 328.93, "std": 233.13117573589332}, "1.9600000000000002,2.0,0.05,0.5": {"mean": 325.51, "std": 232.6593000505245}, "1.9600000000000002,2.0,0.05,1.0": {"mean": 341.15, "std": 226.3489065579951}, "1.9600000000000002,2.0,0.1,0.25": {"mean": 353.36, "std": 223.99837142265122}, "1.9600000000000002,2.0,0.1,0.5": {"mean": 326.26, "std": 231.6668133332869}, "1.9600000000000002,2.0,0.1,1.0": {"mean": 302.85, "std": 236.50781699554878}, "1.9600000000000002,2.0,0.2,0.25": {"mean": 299.7, "std": 240.2816056214042}, "1.9600000000000002,2.0,0.2,0.5": {"mean": 268.53, "std": 240.9388492958327}, "1.9600000000000002,2.0,0.2,1.0": {"mean": 360.75, "std": 217.89490012389}, "9.8,0.5,0.05,0.25": {"mean": 9.23, "std": 3.14596567050564}, "9.8,0.5,0.05,0.5": {"mean": 87.4, "std": 111.72895775044177}, "9.8,0.5,0.05,1.0": {"mean": 309.36, "std": 238.42577545223588}, "9.8,0.5,0.1,0.25": {"mean": 8.87, "std": 2.2963231479911532}, "9.8,0.5,0.1,0.5": {"mean": 19.35, "std": 16.78354849249705}, "9.8,0.5,0.1,1.0": {"mean": 324.19, "std": 234.4161127141221}, "9.8,0.5,0.2,0.25": {"mean": 9.31, "std": 3.2945257625339646}, "9.8,0.5,0.2,0.5": {"mean": 18.38, "std": 12.991366363858733}, "9.8,0.5,0.2,1.0": {"mean": 382.94, "std": 208.31158489147933}, "9.8,1.0,0.05,0.25": {"mean": 41.43, "std": 53.955028495961336}, "9.8,1.0,0.05,0.5": {"mean": 309.22, "std": 238.60086252987435}, "9.8,1.0,0.05,1.0": {"mean": 340.38, "std": 227.44752273876279}, "9.8,1.0,0.1,0.25": {"mean": 30.61, "std": 28.660737952816223}, "9.8,1.0,0.1,0.5": {"mean": 299.58, "std": 240.42700264321394}, "9.8,1.0,0.1,1.0": {"mean": 306.72, "std": 236.728159710669}, "9.8,1.0,0.2,0.25": {"mean": 18.89, "std": 12.92663529306834}, "9.8,1.0,0.2,0.5": {"mean": 372.77, "std": 214.64570133128686}, "9.8,1.0,0.2,1.0": {"mean": 369.54, "std": 214.52158026641513}, "9.8,2.0,0.05,0.25": {"mean": 343.43, "std": 228.24054219178498}, "9.8,2.0,0.05,0.5": {"mean": 315.92, "std": 235.13828612116745}, "9.8,2.0,0.05,1.0": {"mean": 360.25, "std": 218.67118580187926}, "9.8,2.0,0.1,0.25": {"mean": 323.7, "std": 235.06856446577456}, "9.8,2.0,0.1,0.5": {"mean": 325.57, "std": 232.579330766945}, "9.8,2.0,0.1,1.0": {"mean": 360.27, "std": 218.64001715148123}, "9.8,2.0,0.2,0.25": {"mean": 319.03, "std": 236.14594872662963}, "9.8,2.0,0.2,0.5": {"mean": 316.01, "std": 235.02214767974527}, "9.8,2.0,0.2,1.0": {"mean": 326.57, "std": 231.2449893511209}, "49.0,0.5,0.05,0.25": {"mean": 7.96, "std": 2.6492263021493647}, "49.0,0.5,0.05,0.5": {"mean": 18.53, "std": 13.0778094495982}, "49.0,0.5,0.05,1.0": {"mean": 320.08, "std": 226.97496249586646}, "49.0,0.5,0.1,0.25": {"mean": 8.38, "std": 2.4404098016521734}, "49.0,0.5,0.1,0.5": {"mean": 16.72, "std": 11.22326155803205}, "49.0,0.5,0.1,1.0": {"mean": 269.6, "std": 236.48809695204534}, "49.0,0.5,0.2,0.25": {"mean": 8.43, "std": 2.1829109006095506}, "49.0,0.5,0.2,0.5": {"mean": 17.72, "std": 9.229387845355726}, "49.0,0.5,0.2,1.0": {"mean": 291.89, "std": 232.05852257566406}, "49.0,1.0,0.05,0.25": {"mean": 20.45, "std": 15.427491695022882}, "49.0,1.0,0.05,0.5": {"mean": 333.24, "std": 232.27798518154924}, "49.0,1.0,0.05,1.0": {"mean": 335.71, "std": 227.59298297618926}, "49.0,1.0,0.1,0.25": {"mean": 17.55, "std": 13.090741002708748}, "49.0,1.0,0.1,0.5": {"mean": 260.39, "std": 241.65479076567053}, "49.0,1.0,0.1,1.0": {"mean": 315.1, "std": 236.1814768350812}, "49.0,1.0,0.2,0.25": {"mean": 18.9, "std": 12.435835315731708}, "49.0,1.0,0.2,0.5": {"mean": 288.14, "std": 241.84639836061234}, "49.0,1.0,0.2,1.0": {"mean": 346.72, "std": 217.13816246804706}, "49.0,2.0,0.05,0.25": {"mean": 296.5, "std": 229.35293763106677}, "49.0,2.0,0.05,0.5": {"mean": 340.73, "std": 226.35542206892242}, "49.0,2.0,0.05,1.0": {"mean": 274.19, "std": 215.94308023180554}, "49.0,2.0,0.1,0.25": {"mean": 299.77, "std": 223.96521404003795}, "49.0,2.0,0.1,0.5": {"mean": 334.19, "std": 227.35473142206655}, "49.0,2.0,0.1,1.0": {"mean": 279.13, "std": 206.4110779488349}, "49.0,2.0,0.2,0.25": {"mean": 285.25, "std": 230.78511108821556}, "49.0,2.0,0.2,0.5": {"mean": 329.24, "std": 228.94934461579047}, "49.0,2.0,0.2,1.0": {"mean": 235.43, "std": 189.0132934478419}}