{"1.9600000000000002,0.5,0.05,0.25": {"mean": 7.866666666666666, "std": 2.8015868519267593}, "1.9600000000000002,0.5,0.05,0.5": {"mean": 16.1, "std": 6.729784543356495}, "1.9600000000000002,0.5,0.05,1.0": {"mean": 483.8, "std": 87.23966987557897}, "1.9600000000000002,0.5,0.1,0.25": {"mean": 9.6, "std": 5.511200716117435}, "1.9600000000000002,0.5,0.1,0.5": {"mean": 14.666666666666666, "std": 6.425643072011461}, "1.9600000000000002,0.5,0.1,1.0": {"mean": 467.6666666666667, "std": 120.98025550569076}, "1.9600000000000002,0.5,0.2,0.25": {"mean": 8.266666666666667, "std": 4.273432136143293}, "1.9600000000000002,0.5,0.2,0.5": {"mean": 19.6, "std": 12.993844696624631}, "1.9600000000000002,0.5,0.2,1.0": {"mean": 500.0, "std": 0.0}, "1.9600000000000002,1.0,0.05,0.25": {"mean": 17.1, "std": 6.690042351634753}, "1.9600000000000002,1.0,0.05,0.5": {"mean": 467.6, "std": 121.22997429128932}, "1.9600000000000002,1.0,0.05,1.0": {"mean": 451.8, "std": 144.6027662252697}, "1.9600000000000002,1.0,0.1,0.25": {"mean": 16.366666666666667, "std": 7.143684079116476}, "1.9600000000000002,1.0,0.1,0.5": {"mean": 467.73333333333335, "std": 120.73108777591446}, "1.9600000000000002,1.0,0.1,1.0": {"mean": 468.0, "std": 119.73414996009562}, "1.9600000000000002,1.0,0.2,0.25": {"mean": 15.7, "std": 5.222706833306525}, "1.9600000000000002,1.0,0.2,0.5": {"mean": 467.46666666666664, "std": 121.72886081597721}, "1.9600000000000002,1.0,0.2,1.0": {"mean": 471.46666666666664, "std": 106.76320631295324}, "1.9600000000000002,2.0,0.05,0.25": {"mean": 467.6, "std": 121.22969933147571}, "1.9600000000000002,2.0,0.05,0.5": {"mean": 453.3666666666667, "std": 140.01487619376576}, "1.9600000000000002,2.0,0.05,1.0": {"mean": 441.93333333333334, "std": 148.30822259365422}, "1.9600000000000002,2.0,0.1,0.25": {"mean": 483.6666666666667, "std": 87.95769184986356}, "1.9600000000000002,2.0,0.1,0.5": {"mean": 420.9, "std": 176.9603251202559}, "1.9600000000000002,2.0,0.1,1.0": {"mean": 465.23333333333335, "std": 108.2412993680734}, "1.9600000000000002,2.0,0.2,0.25": {"mean": 424.5, "std": 169.89148497398764}, "1.9600000000000002,2.0,0.2,0.5": {"mean": 469.23333333333335, "std": 115.21738391213172}, "1.9600000000000002,2.0,0.2,1.0": {"mean": 452.73333333333335, "std": 138.06035717113807}, "9.8,0.5,0.05,0.25": {"mean": 8.766666666666667, "std": 3.720961643924263}, "9.8,0.5,0.05,0.5": {"mean": 15.966666666666667, "std": 6.7699499423719685}, "9.8,0.5,0.05,1.0": {"mean": 487.43333333333334, "std": 49.46627358334385}, "9.8,0.5,0.1,0.25": {"mean": 9.1, "std": 4.628534685333289}, "9.8,0.5,0.1,0.5": {"mean": 17.433333333333334, "std": 10.461622988597684}, "9.8,0.5,0.1,1.0": {"mean": 467.53333333333336, "std": 121.47941755247632}, "9.8,0.5,0.2,0.25": {"mean": 8.066666666666666, "std": 2.8975085082800978}, "9.8,0.5,0.2,0.5": {"mean": 20.9, "std": 9.041939320005785}, "9.8,0.5,0.2,1.0": {"mean": 500.0, "std": 0.0}, "9.8,1.0,0.05,0.25": {"mean": 23.1, "std": 11.782331404833823}, "9.8,1.0,0.05,0.5": {"mean": 467.96666666666664, "std": 119.8734008119492}, "9.8,1.0,0.05,1.0": {"mean": 396.53333333333336, "std": 140.21191897346753}, "9.8,1.0,0.1,0.25": {"mean": 25.3, "std": 12.217883068136913}, "9.8,1.0,0.1,0.5": {"mean": 467.4, "std": 121.97830408177786}, "9.8,1.0,0.1,1.0": {"mean": 344.1333333333333, "std": 148.8985635331054}, "9.8,1.0,0.2,0.25": {"mean": 27.333333333333332, "std": 16.535483731122664}, "9.8,1.0,0.2,0.5": {"mean": 467.9, "std": 120.11892717913635}, "9.8,1.0,0.2,1.0": {"mean": 342.8666666666667, "std": 128.86756336987554}, "9.8,2.0,0.05,0.25": {"mean": 433.0, "std": 128.57189947003712}, "9.8,2.0,0.05,0.5": {"mean": 295.03333333333336, "std": 152.61050276948683}, "9.8,2.0,0.05,1.0": {"mean": 252.2, "std": 99.97012887191188}, "9.8,2.0,0.1,0.25": {"mean": 330.43333333333334, "std": 199.6194184497646}, "9.8,2.0,0.1,0.5": {"mean": 286.6333333333333, "std": 167.59683436416358}, "9.8,2.0,0.1,1.0": {"mean": 242.8, "std": 104.3913789543945}, "9.8,2.0,0.2,0.25": {"mean": 445.3666666666667, "std": 127.59505824634782}, "9.8,2.0,0.2,0.5": {"mean": 295.56666666666666, "std": 143.00552048396204}, "9.8,2.0,0.2,1.0": {"mean": 272.3, "std": 134.8708394477225}, "49.0,0.5,0.05,0.25": {"mean": 7.733333333333333, "std": 2.976948474902147}, "49.0,0.5,0.05,0.5": {"mean": 30.633333333333333, "std": 24.371408567326505}, "49.0,0.5,0.05,1.0": {"mean": 273.23333333333335, "std": 138.92028489589111}, "49.0,0.5,0.1,0.25": {"mean": 9.1, "std": 4.928488612140643}, "49.0,0.5,0.1,0.5": {"mean": 31.133333333333333, "std": 18.014315295218843}, "49.0,0.5,0.1,1.0": {"mean": 234.16666666666666, "std": 129.56956518497012}, "49.0,0.5,0.2,0.25": {"mean": 7.8, "std": 2.212088003071607}, "49.0,0.5,0.2,0.5": {"mean": 25.933333333333334, "std": 16.45181516496652}, "49.0,0.5,0.2,1.0": {"mean": 239.16666666666666, "std": 128.53484179612764}, "49.0,1.0,0.05,0.25": {"mean": 34.56666666666667, "std": 23.1742433653303}, "49.0,1.0,0.05,0.5": {"mean": 138.1, "std": 99.70133733640019}, "49.0,1.0,0.05,1.0": {"mean": 133.4, "std": 36.284615656409166}, "49.0,1.0,0.1,0.25": {"mean": 32.233333333333334, "std": 21.669769008664787}, "49.0,1.0,0.1,0.5": {"mean": 126.56666666666666, "std": 79.9590242283856}, "49.0,1.0,0.1,1.0": {"mean": 168.63333333333333, "std": 80.03227821045428}, "49.0,1.0,0.2,0.25": {"mean": 27.766666666666666, "std": 18.73620974358356}, "49.0,1.0,0.2,0.5": {"mean": 100.16666666666667, "std": 49.22606581431788}, "49.0,1.0,0.2,1.0": {"mean": 115.06666666666666, "std": 53.47269292722117}, "49.0,2.0,0.05,0.25": {"mean": 120.5, "std": 53.34900811324112}, "49.0,2.0,0.05,0.5": {"mean": 101.36666666666666, "std": 51.92461415894736}, "49.0,2.0,0.05,1.0": {"mean": 108.46666666666667, "std": 40.40687510258069}, "49.0,2.0,0.1,0.25": {"mean": 124.16666666666667, "std": 68.48799570403236}, "49.0,2.0,0.1,0.5": {"mean": 93.16666666666667, "std": 36.80587211603907}, "49.0,2.0,0.1,1.0": {"mean": 111.16666666666667, "std": 56.99770950563617}, "49.0,2.0,0.2,0.25": {"mean": 152.23333333333332, "std": 66.07151848985731}, "49.0,2.0,0.2,0.5": {"mean": 91.6, "std": 41.51272897156566}, "49.0,2.0,0.2,1.0": {"mean": 114.46666666666667, "std": 37.506206893733676}}