{"1.9600000000000002,0.5,0.05,0.25": {"mean": 10.2, "std": 5.101633725255731}, "1.9600000000000002,0.5,0.05,0.5": {"mean": 434.93333333333334, "std": 165.89051275531764}, "1.9600000000000002,0.5,0.05,1.0": {"mean": 500.0, "std": 0.0}, "1.9600000000000002,0.5,0.1,0.25": {"mean": 10.066666666666666, "std": 4.639923371014751}, "1.9600000000000002,0.5,0.1,0.5": {"mean": 434.93333333333334, "std": 165.8895080735635}, "1.9600000000000002,0.5,0.1,1.0": {"mean": 406.4, "std": 187.33723602103237}, "1.9600000000000002,0.5,0.2,0.25": {"mean": 9.866666666666667, "std": 4.86301232662317}, "1.9600000000000002,0.5,0.2,0.5": {"mean": 434.93333333333334, "std": 165.8889052615903}, "1.9600000000000002,0.5,0.2,1.0": {"mean": 437.53333333333336, "std": 159.2831301662406}, "1.9600000000000002,1.0,0.05,0.25": {"mean": 434.46666666666664, "std": 167.07877051126383}, "1.9600000000000002,1.0,0.05,0.5": {"mean": 467.93333333333334, "std": 119.98248020255105}, "1.9600000000000002,1.0,0.05,1.0": {"mean": 460.23333333333335, "std": 119.52452560969328}, "1.9600000000000002,1.0,0.1,0.25": {"mean": 418.56666666666666, "std": 182.09186021224437}, "1.9600000000000002,1.0,0.1,0.5": {"mean": 451.9, "std": 144.29999999999998}, "1.9600000000000002,1.0,0.1,1.0": {"mean": 459.4, "std": 122.77828255300962}, "1.9600000000000002,1.0,0.2,0.25": {"mean": 434.8, "std": 166.2292393052438}, "1.9600000000000002,1.0,0.2,0.5": {"mean": 371.8333333333333, "std": 212.54632174866938}, "1.9600000000000002,1.0,0.2,1.0": {"mean": 468.23333333333335, "std": 96.64770503684448}, "1.9600000000000002,2.0,0.05,0.25": {"mean": 451.23333333333335, "std": 146.30030378946208}, "1.9600000000000002,2.0,0.05,0.5": {"mean": 433.0, "std": 150.28949841334003}, "1.9600000000000002,2.0,0.05,1.0": {"mean": 481.0, "std": 44.86126762958592}, "1.9600000000000002,2.0,0.1,0.25": {"mean": 451.03333333333336, "std": 146.90121019091555}, "1.9600000000000002,2.0,0.1,0.5": {"mean": 400.6666666666667, "std": 181.8232352833072}, "1.9600000000000002,2.0,0.1,1.0": {"mean": 483.3, "std": 44.86509407843326}, "1.9600000000000002,2.0,0.2,0.25": {"mean": 483.6666666666667, "std": 87.95769184986356}, "1.9600000000000002,2.0,0.2,0.5": {"mean": 416.1, "std": 168.81179856080357}, "1.9600000000000002,2.0,0.2,1.0": {"mean": 472.5, "std": 58.038349390726125}, "9.8,0.5,0.05,0.25": {"mean": 9.3, "std": 3.417113791881486}, "9.8,0.5,0.05,0.5": {"mean": 418.1, "std": 183.13425858278583}, "9.8,0.5,0.05,1.0": {"mean": 500.0, "std": 0.0}, "9.8,0.5,0.1,0.25": {"mean": 9.733333333333333, "std": 2.6574841903993}, "9.8,0.5,0.1,0.5": {"mean": 500.0, "std": 0.0}, "9.8,0.5,0.1,1.0": {"mean": 500.0, "std": 0.0}, "9.8,0.5,0.2,0.25": {"mean": 10.866666666666667, "std": 3.9389789991259856}, "9.8,0.5,0.2,0.5": {"mean": 500.0, "std": 0.0}, "9.8,0.5,0.2,1.0": {"mean": 500.0, "std": 0.0}, "9.8,1.0,0.05,0.25": {"mean": 434.6, "std": 166.74763366636822}, "9.8,1.0,0.05,0.5": {"mean": 483.6333333333333, "std": 88.1371973434347}, "9.8,1.0,0.05,1.0": {"mean": 388.06666666666666, "std": 185.63457532355216}, "9.8,1.0,0.1,0.25": {"mean": 419.1666666666667, "std": 180.85281001103877}, "9.8,1.0,0.1,0.5": {"mean": 500.0, "std": 0.0}, "9.8,1.0,0.1,1.0": {"mean": 405.6666666666667, "std": 173.2971115999597}, "9.8,1.0,0.2,0.25": {"mean": 483.56666666666666, "std": 88.49620833057702}, "9.8,1.0,0.2,0.5": {"mean": 483.6333333333333, "std": 88.13719734343472}, "9.8,1.0,0.2,1.0": {"mean": 394.46666666666664, "std": 176.0198347409241}, "9.8,2.0,0.05,0.25": {"mean": 484.2, "std": 85.08560395272518}, "9.8,2.0,0.05,0.5": {"mean": 395.1333333333333, "std": 190.38657749140006}, "9.8,2.0,0.05,1.0": {"mean": 391.4, "std": 153.84550692171675}, "9.8,2.0,0.1,0.25": {"mean": 484.26666666666665, "std": 84.72659296558287}, "9.8,2.0,0.1,0.5": {"mean": 398.2, "std": 184.7149876611713}, "9.8,2.0,0.1,1.0": {"mean": 422.9, "std": 140.05721449940853}, "9.8,2.0,0.2,0.25": {"mean": 483.8666666666667, "std": 86.88065888843666}, "9.8,2.0,0.2,0.5": {"mean": 441.6, "std": 149.02943780788183}, "9.8,2.0,0.2,1.0": {"mean": 401.3666666666667, "std": 150.82141389368056}, "49.0,0.5,0.05,0.25": {"mean": 8.5, "std": 2.2323380867004294}, "49.0,0.5,0.05,0.5": {"mean": 353.6666666666667, "std": 186.3912253537942}, "49.0,0.5,0.05,1.0": {"mean": 463.3, "std": 66.95428788857862}, "49.0,0.5,0.1,0.25": {"mean": 9.333333333333334, "std": 2.879043050891891}, "49.0,0.5,0.1,0.5": {"mean": 334.3333333333333, "std": 198.01924710043272}, "49.0,0.5,0.1,1.0": {"mean": 434.53333333333336, "std": 121.99145689578248}, "49.0,0.5,0.2,0.25": {"mean": 11.2, "std": 6.6000000000000005}, "49.0,0.5,0.2,0.5": {"mean": 321.5, "std": 202.18337386310148}, "49.0,0.5,0.2,1.0": {"mean": 431.6333333333333, "std": 141.83569915770698}, "49.0,1.0,0.05,0.25": {"mean": 333.23333333333335, "std": 200.94156419770954}, "49.0,1.0,0.05,0.5": {"mean": 435.03333333333336, "std": 146.9207231430913}, "49.0,1.0,0.05,1.0": {"mean": 328.53333333333336, "std": 216.51400775828697}, "49.0,1.0,0.1,0.25": {"mean": 311.06666666666666, "std": 191.22481243000055}, "49.0,1.0,0.1,0.5": {"mean": 389.9, "std": 172.7494042440282}, "49.0,1.0,0.1,1.0": {"mean": 357.93333333333334, "std": 176.9623186506727}, "49.0,1.0,0.2,0.25": {"mean": 296.1, "std": 201.39734357731734}, "49.0,1.0,0.2,0.5": {"mean": 343.8666666666667, "std": 201.0520220130988}, "49.0,1.0,0.2,1.0": {"mean": 363.6, "std": 190.92364966132402}, "49.0,2.0,0.05,0.25": {"mean": 278.23333333333335, "std": 171.28313466953549}, "49.0,2.0,0.05,0.5": {"mean": 349.1666666666667, "std": 217.84445266188342}, "49.0,2.0,0.05,1.0": {"mean": 304.3, "std": 181.8739765148751}, "49.0,2.0,0.1,0.25": {"mean": 262.1666666666667, "std": 185.10521032345062}, "49.0,2.0,0.1,0.5": {"mean": 356.46666666666664, "std": 185.53790867516955}, "49.0,2.0,0.1,1.0": {"mean": 337.2, "std": 178.73097101509853}, "49.0,2.0,0.2,0.25": {"mean": 263.8333333333333, "std": 165.0909008866193}, "49.0,2.0,0.2,0.5": {"mean": 345.8666666666667, "std": 200.615674584238}, "49.0,2.0,0.2,1.0": {"mean": 256.4, "std": 165.64210414827102}}