{"1.9600000000000002,0.5,0.05,0.25": {"mean": 20.57, "std": 17.355261450061768}, "1.9600000000000002,0.5,0.05,0.5": {"mean": 476.2, "std": 103.74304795985125}, "1.9600000000000002,0.5,0.05,1.0": {"mean": 500.0, "std": 0.0}, "1.9600000000000002,0.5,0.1,0.25": {"mean": 19.15, "std": 13.138017354228147}, "1.9600000000000002,0.5,0.1,0.5": {"mean": 490.59, "std": 65.87641383682025}, "1.9600000000000002,0.5,0.1,1.0": {"mean": 500.0, "std": 0.0}, "1.9600000000000002,0.5,0.2,0.25": {"mean": 21.43, "std": 19.36401559594497}, "1.9600000000000002,0.5,0.2,0.5": {"mean": 495.36, "std": 46.167417081747175}, "1.9600000000000002,0.5,0.2,1.0": {"mean": 500.0, "std": 0.0}, "1.9600000000000002,1.0,0.05,0.25": {"mean": 475.66, "std": 106.10364932461088}, "1.9600000000000002,1.0,0.05,0.5": {"mean": 500.0, "std": 0.0}, "1.9600000000000002,1.0,0.05,1.0": {"mean": 500.0, "std": 0.0}, "1.9600000000000002,1.0,0.1,0.25": {"mean": 471.51, "std": 112.78958240901507}, "1.9600000000000002,1.0,0.1,0.5": {"mean": 500.0, "std": 0.0}, "1.9600000000000002,1.0,0.1,1.0": {"mean": 500.0, "std": 0.0}, "1.9600000000000002,1.0,0.2,0.25": {"mean": 471.96, "std": 111.01026258864539}, "1.9600000000000002,1.0,0.2,0.5": {"mean": 500.0, "std": 0.0}, "1.9600000000000002,1.0,0.2,1.0": {"mean": 500.0, "std": 0.0}, "1.9600000000000002,2.0,0.05,0.25": {"mean": 500.0, "std": 0.0}, "1.9600000000000002,2.0,0.05,0.5": {"mean": 500.0, "std": 0.0}, "1.9600000000000002,2.0,0.05,1.0": {"mean": 500.0, "std": 0.0}, "1.9600000000000002,2.0,0.1,0.25": {"mean": 500.0, "std": 0.0}, "1.9600000000000002,2.0,0.1,0.5": {"mean": 500.0, "std": 0.0}, "1.9600000000000002,2.0,0.1,1.0": {"mean": 500.0, "std": 0.0}, "1.9600000000000002,2.0,0.2,0.25": {"mean": 500.0, "std": 0.0}, "1.9600000000000002,2.0,0.2,0.5": {"mean": 500.0, "std": 0.0}, "1.9600000000000002,2.0,0.2,1.0": {"mean": 500.0, "std": 0.0}, "9.8,0.5,0.05,0.25": {"mean": 17.45, "std": 10.143347573656342}, "9.8,0.5,0.05,0.5": {"mean": 480.68, "std": 94.65029107192434}, "9.8,0.5,0.05,1.0": {"mean": 500.0, "std": 0.0}, "9.8,0.5,0.1,0.25": {"mean": 17.67, "std": 12.66021721772577}, "9.8,0.5,0.1,0.5": {"mean": 490.41, "std": 67.13093102288988}, "9.8,0.5,0.1,1.0": {"mean": 500.0, "std": 0.0}, "9.8,0.5,0.2,0.25": {"mean": 16.28, "std": 8.203755237694503}, "9.8,0.5,0.2,0.5": {"mean": 495.27, "std": 47.06290577514311}, "9.8,0.5,0.2,1.0": {"mean": 500.0, "std": 0.0}, "9.8,1.0,0.05,0.25": {"mean": 490.55, "std": 66.18630900722594}, "9.8,1.0,0.05,0.5": {"mean": 500.0, "std": 0.0}, "9.8,1.0,0.05,1.0": {"mean": 499.96, "std": 0.39799497484264795}, "9.8,1.0,0.1,0.25": {"mean": 485.69, "std": 81.20476525426324}, "9.8,1.0,0.1,0.5": {"mean": 500.0, "std": 0.0}, "9.8,1.0,0.1,1.0": {"mean": 500.0, "std": 0.0}, "9.8,1.0,0.2,0.25": {"mean": 495.23, "std": 47.460900749985754}, "9.8,1.0,0.2,0.5": {"mean": 500.0, "std": 0.0}, "9.8,1.0,0.2,1.0": {"mean": 500.0, "std": 0.0}, "9.8,2.0,0.05,0.25": {"mean": 500.0, "std": 0.0}, "9.8,2.0,0.05,0.5": {"mean": 474.88, "std": 50.91429661696212}, "9.8,2.0,0.05,1.0": {"mean": 366.13, "std": 96.35493293028644}, "9.8,2.0,0.1,0.25": {"mean": 500.0, "std": 0.0}, "9.8,2.0,0.1,0.5": {"mean": 457.32, "std": 65.00905783042852}, "9.8,2.0,0.1,1.0": {"mean": 381.19, "std": 98.6551260705697}, "9.8,2.0,0.2,0.25": {"mean": 500.0, "std": 0.0}, "9.8,2.0,0.2,0.5": {"mean": 452.67, "std": 72.29260750588541}, "9.8,2.0,0.2,1.0": {"mean": 398.52, "std": 95.07875472470178}, "49.0,0.5,0.05,0.25": {"mean": 19.32, "std": 12.810839160648296}, "49.0,0.5,0.05,0.5": {"mean": 226.33, "std": 69.88663033799813}, "49.0,0.5,0.05,1.0": {"mean": 374.05, "std": 110.88357633121326}, "49.0,0.5,0.1,0.25": {"mean": 20.89, "std": 14.28208318138499}, "49.0,0.5,0.1,0.5": {"mean": 220.11, "std": 61.51518430436504}, "49.0,0.5,0.1,1.0": {"mean": 336.31, "std": 104.78632496657185}, "49.0,0.5,0.2,0.25": {"mean": 18.65, "std": 12.424471819759583}, "49.0,0.5,0.2,0.5": {"mean": 224.68, "std": 60.126513286569356}, "49.0,0.5,0.2,1.0": {"mean": 247.05, "std": 82.94773957137109}, "49.0,1.0,0.05,0.25": {"mean": 167.88, "std": 51.34613520022709}, "49.0,1.0,0.05,0.5": {"mean": 168.83, "std": 36.11760097237911}, "49.0,1.0,0.05,1.0": {"mean": 162.01, "std": 61.678115243577274}, "49.0,1.0,0.1,0.25": {"mean": 176.14, "std": 34.09428691144603}, "49.0,1.0,0.1,0.5": {"mean": 161.08, "std": 33.21375618625512}, "49.0,1.0,0.1,1.0": {"mean": 161.96, "std": 62.40126921786126}, "49.0,1.0,0.2,0.25": {"mean": 166.42, "std": 45.7268367591724}, "49.0,1.0,0.2,0.5": {"mean": 147.31, "std": 27.972019948512834}, "49.0,1.0,0.2,1.0": {"mean": 159.57, "std": 48.4659168901198}, "49.0,2.0,0.05,0.25": {"mean": 138.68, "std": 26.664538248392756}, "49.0,2.0,0.05,0.5": {"mean": 144.06, "std": 30.253535330602272}, "49.0,2.0,0.05,1.0": {"mean": 151.92, "std": 42.42821702593688}, "49.0,2.0,0.1,0.25": {"mean": 135.36, "std": 22.401571373455035}, "49.0,2.0,0.1,0.5": {"mean": 143.25, "std": 27.665637531060078}, "49.0,2.0,0.1,1.0": {"mean": 158.84, "std": 54.883279785377255}, "49.0,2.0,0.2,0.25": {"mean": 134.75, "std": 22.934853389546664}, "49.0,2.0,0.2,0.5": {"mean": 143.69, "std": 25.449831040696516}, "49.0,2.0,0.2,1.0": {"mean": 149.56, "std": 48.895668519818805}}