{"1.9600000000000002,0.5,0.05,0.25": {"mean": 23.9, "std": 26.35507541252728}, "1.9600000000000002,0.5,0.05,0.5": {"mean": 480.35, "std": 96.26498584636057}, "1.9600000000000002,0.5,0.05,1.0": {"mean": 475.69, "std": 105.97109936204308}, "1.9600000000000002,0.5,0.1,0.25": {"mean": 23.57, "std": 19.522425566511966}, "1.9600000000000002,0.5,0.1,0.5": {"mean": 480.36, "std": 96.21595709652323}, "1.9600000000000002,0.5,0.1,1.0": {"mean": 451.07, "std": 146.79007153074085}, "1.9600000000000002,0.5,0.2,0.25": {"mean": 27.19, "std": 23.320246568164755}, "1.9600000000000002,0.5,0.2,0.5": {"mean": 470.54, "std": 116.60603929471236}, "1.9600000000000002,0.5,0.2,1.0": {"mean": 470.66, "std": 116.13106561123085}, "1.9600000000000002,1.0,0.05,0.25": {"mean": 490.18, "std": 68.74}, "1.9600000000000002,1.0,0.05,0.5": {"mean": 470.68, "std": 116.05308095867167}, "1.9600000000000002,1.0,0.05,1.0": {"mean": 444.49, "std": 150.45899740460854}, "1.9600000000000002,1.0,0.1,0.25": {"mean": 470.57, "std": 116.4878753347317}, "1.9600000000000002,1.0,0.1,0.5": {"mean": 461.05, "std": 132.0997634365785}, "1.9600000000000002,1.0,0.1,1.0": {"mean": 481.18, "std": 92.22845331024476}, "1.9600000000000002,1.0,0.2,0.25": {"mean": 446.07, "std": 153.4044494139593}, "1.9600000000000002,1.0,0.2,0.5": {"mean": 470.66, "std": 116.13132393975367}, "1.9600000000000002,1.0,0.2,1.0": {"mean": 485.88, "std": 80.29474204454483}, "1.9600000000000002,2.0,0.05,0.25": {"mean": 470.68, "std": 116.05221928080478}, "1.9600000000000002,2.0,0.05,0.5": {"mean": 449.61, "std": 143.44468585486186}, "1.9600000000000002,2.0,0.05,1.0": {"mean": 466.36, "std": 101.8594639687447}, "1.9600000000000002,2.0,0.1,0.25": {"mean": 470.77, "std": 115.6972648769192}, "1.9600000000000002,2.0,0.1,0.5": {"mean": 462.46, "std": 127.4053703734658}, "1.9600000000000002,2.0,0.1,1.0": {"mean": 444.57, "std": 131.72374539163394}, "1.9600000000000002,2.0,0.2,0.25": {"mean": 480.6, "std": 95.05398466134915}, "1.9600000000000002,2.0,0.2,0.5": {"mean": 457.65, "std": 134.74014806285467}, "1.9600000000000002,2.0,0.2,1.0": {"mean": 465.57, "std": 106.33412011203178}, "9.8,0.5,0.05,0.25": {"mean": 18.04, "std": 13.289785551317223}, "9.8,0.5,0.05,0.5": {"mean": 451.14, "std": 146.5860170684776}, "9.8,0.5,0.05,1.0": {"mean": 468.2, "std": 115.73841194694178}, "9.8,0.5,0.1,0.25": {"mean": 16.41, "std": 11.132021379785435}, "9.8,0.5,0.1,0.5": {"mean": 475.43, "std": 107.09820306615792}, "9.8,0.5,0.1,1.0": {"mean": 470.32, "std": 115.99197213600603}, "9.8,0.5,0.2,0.25": {"mean": 16.49, "std": 9.340765493255892}, "9.8,0.5,0.2,0.5": {"mean": 450.88, "std": 147.3600542888065}, "9.8,0.5,0.2,1.0": {"mean": 455.97, "std": 140.00653234760156}, "9.8,1.0,0.05,0.25": {"mean": 451.93, "std": 144.27163650558623}, "9.8,1.0,0.05,0.5": {"mean": 458.7, "std": 133.01251820787397}, "9.8,1.0,0.05,1.0": {"mean": 429.36, "std": 168.23974084621028}, "9.8,1.0,0.1,0.25": {"mean": 470.63, "std": 116.25013161282871}, "9.8,1.0,0.1,0.5": {"mean": 454.81, "std": 139.02810471268032}, "9.8,1.0,0.1,1.0": {"mean": 452.76, "std": 141.75141057499215}, "9.8,1.0,0.2,0.25": {"mean": 472.91, "std": 106.44943353536459}, "9.8,1.0,0.2,0.5": {"mean": 466.12, "std": 123.49536671470717}, "9.8,1.0,0.2,1.0": {"mean": 448.26, "std": 147.2898244957879}, "9.8,2.0,0.05,0.25": {"mean": 432.91, "std": 163.0812739096675}, "9.8,2.0,0.05,0.5": {"mean": 438.26, "std": 159.72724376260925}, "9.8,2.0,0.05,1.0": {"mean": 447.84, "std": 141.5708105507629}, "9.8,2.0,0.1,0.25": {"mean": 415.72, "std": 182.41738294362193}, "9.8,2.0,0.1,0.5": {"mean": 438.29, "std": 159.68401892487552}, "9.8,2.0,0.1,1.0": {"mean": 454.63, "std": 129.73177367167997}, "9.8,2.0,0.2,0.25": {"mean": 453.43, "std": 141.0758133061795}, "9.8,2.0,0.2,0.5": {"mean": 443.26, "std": 153.69636430312852}, "9.8,2.0,0.2,1.0": {"mean": 447.88, "std": 141.4456277160945}, "49.0,0.5,0.05,0.25": {"mean": 13.31, "std": 6.354045955137561}, "49.0,0.5,0.05,0.5": {"mean": 414.74, "std": 144.27990989739354}, "49.0,0.5,0.05,1.0": {"mean": 369.89, "std": 179.529935943842}, "49.0,0.5,0.1,0.25": {"mean": 13.25, "std": 6.269569363201909}, "49.0,0.5,0.1,0.5": {"mean": 452.03, "std": 113.66014736925162}, "49.0,0.5,0.1,1.0": {"mean": 372.35, "std": 168.1454950333193}, "49.0,0.5,0.2,0.25": {"mean": 13.03, "std": 5.73141343823668}, "49.0,0.5,0.2,0.5": {"mean": 416.81, "std": 160.69770969120876}, "49.0,0.5,0.2,1.0": {"mean": 383.95, "std": 174.1999641216955}, "49.0,1.0,0.05,0.25": {"mean": 431.41, "std": 162.01272141409143}, "49.0,1.0,0.05,0.5": {"mean": 399.2, "std": 187.4615160506284}, "49.0,1.0,0.05,1.0": {"mean": 427.31, "std": 159.3238648162917}, "49.0,1.0,0.1,0.25": {"mean": 400.3, "std": 182.79652622519936}, "49.0,1.0,0.1,0.5": {"mean": 404.8, "std": 168.48697279018342}, "49.0,1.0,0.1,1.0": {"mean": 430.08, "std": 158.88094158834787}, "49.0,1.0,0.2,0.25": {"mean": 417.61, "std": 161.58817376280976}, "49.0,1.0,0.2,0.5": {"mean": 417.28, "std": 163.83473868505425}, "49.0,1.0,0.2,1.0": {"mean": 386.73, "std": 187.36605108717}, "49.0,2.0,0.05,0.25": {"mean": 343.4, "std": 200.01459946713888}, "49.0,2.0,0.05,0.5": {"mean": 380.79, "std": 187.9988454751784}, "49.0,2.0,0.05,1.0": {"mean": 354.76, "std": 164.92853725174427}, "49.0,2.0,0.1,0.25": {"mean": 399.09, "std": 152.16675688204703}, "49.0,2.0,0.1,0.5": {"mean": 410.43, "std": 161.70864262617502}, "49.0,2.0,0.1,1.0": {"mean": 351.9, "std": 168.60774003585956}, "49.0,2.0,0.2,0.25": {"mean": 393.41, "std": 163.58826944496968}, "49.0,2.0,0.2,0.5": {"mean": 406.13, "std": 177.82708764414943}, "49.0,2.0,0.2,1.0": {"mean": 329.14, "std": 148.57765780897205}}