{"1.9600000000000002,0.5,0.05,0.25": {"mean": 500.0, "std": 0.0}, "1.9600000000000002,0.5,0.05,0.5": {"mean": 500.0, "std": 0.0}, "1.9600000000000002,0.5,0.05,1.0": {"mean": 35.8, "std": 14.799549542694422}, "1.9600000000000002,0.5,0.1,0.25": {"mean": 500.0, "std": 0.0}, "1.9600000000000002,0.5,0.1,0.5": {"mean": 500.0, "std": 0.0}, "1.9600000000000002,0.5,0.1,1.0": {"mean": 37.03333333333333, "std": 16.09240676703008}, "1.9600000000000002,0.5,0.2,0.25": {"mean": 500.0, "std": 0.0}, "1.9600000000000002,0.5,0.2,0.5": {"mean": 500.0, "std": 0.0}, "1.9600000000000002,0.5,0.2,1.0": {"mean": 38.0, "std": 15.459624833740307}, "1.9600000000000002,1.0,0.05,0.25": {"mean": 500.0, "std": 0.0}, "1.9600000000000002,1.0,0.05,0.5": {"mean": 500.0, "std": 0.0}, "1.9600000000000002,1.0,0.05,1.0": {"mean": 47.233333333333334, "std": 16.79619665942925}, "1.9600000000000002,1.0,0.1,0.25": {"mean": 500.0, "std": 0.0}, "1.9600000000000002,1.0,0.1,0.5": {"mean": 500.0, "std": 0.0}, "1.9600000000000002,1.0,0.1,1.0": {"mean": 46.96666666666667, "std": 17.288692515308636}, "1.9600000000000002,1.0,0.2,0.25": {"mean": 500.0, "std": 0.0}, "1.9600000000000002,1.0,0.2,0.5": {"mean": 500.0, "std": 0.0}, "1.9600000000000002,1.0,0.2,1.0": {"mean": 45.766666666666666, "std": 15.982664219571014}, "1.9600000000000002,2.0,0.05,0.25": {"mean": 500.0, "std": 0.0}, "1.9600000000000002,2.0,0.05,0.5": {"mean": 500.0, "std": 0.0}, "1.9600000000000002,2.0,0.05,1.0": {"mean": 53.833333333333336, "std": 20.609194280439226}, "1.9600000000000002,2.0,0.1,0.25": {"mean": 500.0, "std": 0.0}, "1.9600000000000002,2.0,0.1,0.5": {"mean": 500.0, "std": 0.0}, "1.9600000000000002,2.0,0.1,1.0": {"mean": 56.1, "std": 20.24080037943164}, "1.9600000000000002,2.0,0.2,0.25": {"mean": 500.0, "std": 0.0}, "1.9600000000000002,2.0,0.2,0.5": {"mean": 500.0, "std": 0.0}, "1.9600000000000002,2.0,0.2,1.0": {"mean": 51.43333333333333, "std": 17.524617605591917}, "9.8,0.5,0.05,0.25": {"mean": 500.0, "std": 0.0}, "9.8,0.5,0.05,0.5": {"mean": 500.0, "std": 0.0}, "9.8,0.5,0.05,1.0": {"mean": 33.93333333333333, "std": 15.257639252373071}, "9.8,0.5,0.1,0.25": {"mean": 500.0, "std": 0.0}, "9.8,0.5,0.1,0.5": {"mean": 500.0, "std": 0.0}, "9.8,0.5,0.1,1.0": {"mean": 29.4, "std": 14.086873322352266}, "9.8,0.5,0.2,0.25": {"mean": 500.0, "std": 0.0}, "9.8,0.5,0.2,0.5": {"mean": 500.0, "std": 0.0}, "9.8,0.5,0.2,1.0": {"mean": 36.96666666666667, "std": 14.763656578082395}, "9.8,1.0,0.05,0.25": {"mean": 500.0, "std": 0.0}, "9.8,1.0,0.05,0.5": {"mean": 500.0, "std": 0.0}, "9.8,1.0,0.05,1.0": {"mean": 42.733333333333334, "std": 13.803220236194482}, "9.8,1.0,0.1,0.25": {"mean": 500.0, "std": 0.0}, "9.8,1.0,0.1,0.5": {"mean": 500.0, "std": 0.0}, "9.8,1.0,0.1,1.0": {"mean": 46.86666666666667, "std": 13.263316159828038}, "9.8,1.0,0.2,0.25": {"mean": 500.0, "std": 0.0}, "9.8,1.0,0.2,0.5": {"mean": 500.0, "std": 0.0}, "9.8,1.0,0.2,1.0": {"mean": 46.7, "std": 13.878400484205665}, "9.8,2.0,0.05,0.25": {"mean": 500.0, "std": 0.0}, "9.8,2.0,0.05,0.5": {"mean": 500.0, "std": 0.0}, "9.8,2.0,0.05,1.0": {"mean": 57.63333333333333, "std": 29.501958503725735}, "9.8,2.0,0.1,0.25": {"mean": 500.0, "std": 0.0}, "9.8,2.0,0.1,0.5": {"mean": 500.0, "std": 0.0}, "9.8,2.0,0.1,1.0": {"mean": 53.96666666666667, "std": 28.32370424612964}, "9.8,2.0,0.2,0.25": {"mean": 500.0, "std": 0.0}, "9.8,2.0,0.2,0.5": {"mean": 500.0, "std": 0.0}, "9.8,2.0,0.2,1.0": {"mean": 61.63333333333333, "std": 28.45520846679723}, "49.0,0.5,0.05,0.25": {"mean": 73.86666666666666, "std": 11.502849888421371}, "49.0,0.5,0.05,0.5": {"mean": 90.46666666666667, "std": 20.08437756621355}, "49.0,0.5,0.05,1.0": {"mean": 27.433333333333334, "std": 14.204889611992373}, "49.0,0.5,0.1,0.25": {"mean": 62.166666666666664, "std": 10.302372973683728}, "49.0,0.5,0.1,0.5": {"mean": 85.93333333333334, "std": 21.00782922838266}, "49.0,0.5,0.1,1.0": {"mean": 30.933333333333334, "std": 11.348812957995015}, "49.0,0.5,0.2,0.25": {"mean": 58.4, "std": 13.014351053100318}, "49.0,0.5,0.2,0.5": {"mean": 76.83333333333333, "std": 15.388487760516156}, "49.0,0.5,0.2,1.0": {"mean": 27.866666666666667, "std": 11.110755549866484}, "49.0,1.0,0.05,0.25": {"mean": 69.36666666666666, "std": 12.480607178961911}, "49.0,1.0,0.05,0.5": {"mean": 60.86666666666667, "std": 11.514435384430373}, "49.0,1.0,0.05,1.0": {"mean": 25.7, "std": 9.395566330278696}, "49.0,1.0,0.1,0.25": {"mean": 63.86666666666667, "std": 15.564346722200995}, "49.0,1.0,0.1,0.5": {"mean": 53.166666666666664, "std": 10.443764753297645}, "49.0,1.0,0.1,1.0": {"mean": 25.566666666666666, "std": 10.824919809813322}, "49.0,1.0,0.2,0.25": {"mean": 59.46666666666667, "std": 11.241984799056713}, "49.0,1.0,0.2,0.5": {"mean": 55.13333333333333, "std": 12.192165061583152}, "49.0,1.0,0.2,1.0": {"mean": 23.4, "std": 5.32040098739434}, "49.0,2.0,0.05,0.25": {"mean": 57.166666666666664, "std": 15.71216796696822}, "49.0,2.0,0.05,0.5": {"mean": 37.166666666666664, "std": 12.819473034758055}, "49.0,2.0,0.05,1.0": {"mean": 22.833333333333332, "std": 2.504440500834911}, "49.0,2.0,0.1,0.25": {"mean": 49.56666666666667, "std": 16.10524414248008}, "49.0,2.0,0.1,0.5": {"mean": 37.03333333333333, "std": 9.593342599022627}, "49.0,2.0,0.1,1.0": {"mean": 22.633333333333333, "std": 2.359142970562733}, "49.0,2.0,0.2,0.25": {"mean": 48.53333333333333, "std": 14.607608367635757}, "49.0,2.0,0.2,0.5": {"mean": 36.766666666666666, "std": 10.790994187541552}, "49.0,2.0,0.2,1.0": {"mean": 22.633333333333333, "std": 2.762647683332463}}